Energy,1.00E-09,1.58E-09,2.51E-09,3.98E-09,6.31E-09,1.00E-08,1.58E-08,2.51E-08,3.98E-08,6.31E-08,1.00E-07,1.58E-07,2.51E-07,3.98E-07,6.31E-07,1.00E-06,1.58E-06,2.51E-06,3.98E-06,6.31E-06,1.00E-05,1.58E-05,2.51E-05,3.98E-05,6.31E-05,0.0001,0.000158,0.000251,0.000398,0.000631,0.001,0.00158,0.00251,0.00398,0.00631,0.01,0.0158,0.0251,0.0398,0.0631,0.1,0.126,0.158,0.2,0.251,0.316,0.398,0.501,0.631,0.794,1,1.12,1.26,1.41,1.58,1.78,2,2.24,2.51,2.82,3.16,3.55,3.98,4.47,5.01,5.62,6.31,7.08,7.94,8.91,10,11.2,12.6,14.1,15.8,17.8,20,25.1,31.6,39.8,50.1,63.1,79.4,100
x=14cm,0.021506,0.02249,0.023819,0.025609,0.028095,0.031421,0.035149,0.038884,0.043311,0.048759,0.055255,0.060291,0.062266,0.063907,0.06417,0.064051,0.063131,0.062063,0.060778,0.059845,0.057845,0.056231,0.054318,0.052294,0.050607,0.048871,0.047103,0.04542,0.043911,0.042283,0.040897,0.039446,0.038141,0.03692,0.035747,0.034598,0.033419,0.032347,0.031267,0.030063,0.028857,0.028178,0.027382,0.026593,0.025815,0.024576,0.023445,0.022238,0.020942,0.01948,0.017981,0.01725,0.016322,0.015597,0.014771,0.013894,0.01307,0.012298,0.011478,0.010722,0.010082,0.0094984,0.0088113,0.0080238,0.0073693,0.0067872,0.0068357,0.0054482,0.0052106,0.0045039,0.0038772,0.0037681,0.0034652,0.0032098,0.0029572,0.0026661,0.0028788,0.0018146,0.0013937,0.0011283,0.00096714,0.00081734,0.00074211,0.00077314
x=13cm,0.013922,0.014512,0.015312,0.016361,0.017883,0.019973,0.022414,0.02487,0.028352,0.033232,0.040018,0.046804,0.050732,0.055021,0.057812,0.05996,0.06121,0.062165,0.062562,0.063,0.062659,0.062031,0.061091,0.060076,0.059061,0.057975,0.056594,0.055369,0.054199,0.053078,0.051763,0.050663,0.049416,0.048289,0.047165,0.046141,0.04515,0.044109,0.042998,0.041986,0.040823,0.040255,0.03948,0.038584,0.037662,0.036396,0.035015,0.033507,0.031795,0.029815,0.027653,0.026625,0.025483,0.024292,0.023118,0.021862,0.020603,0.019394,0.018178,0.017089,0.015938,0.015166,0.014129,0.012882,0.011806,0.010933,0.010928,0.0088525,0.0083568,0.0072221,0.006255,0.0060719,0.0055124,0.0051542,0.004721,0.0042967,0.0045693,0.0028519,0.0021594,0.0017295,0.0014391,0.00121,0.0010777,0.0011108
x=12cm,0.0092203,0.0096264,0.010163,0.010891,0.011928,0.013178,0.014781,0.016515,0.01887,0.022206,0.027343,0.032978,0.036447,0.040889,0.044152,0.047002,0.049124,0.051033,0.052368,0.053855,0.054573,0.054859,0.054908,0.054923,0.054709,0.054448,0.054095,0.053727,0.053141,0.052437,0.052059,0.051414,0.050813,0.050171,0.049564,0.048976,0.048319,0.047952,0.047405,0.047035,0.046586,0.046295,0.045887,0.045293,0.04476,0.043864,0.042713,0.041174,0.039547,0.037675,0.035409,0.034148,0.032892,0.031587,0.030138,0.028558,0.02706,0.025583,0.024056,0.022525,0.02121,0.020087,0.018839,0.017376,0.016003,0.014774,0.014629,0.011974,0.011379,0.009833,0.0086038,0.0083099,0.0075644,0.0069554,0.0064166,0.0057796,0.0062,0.0039428,0.0029661,0.0023248,0.0019545,0.0015871,0.0014417,0.0014787
x=11cm,0.0061697,0.0064102,0.0067359,0.0072231,0.0079061,0.0088024,0.0098438,0.010935,0.01256,0.014767,0.018318,0.022404,0.025024,0.028562,0.031177,0.033734,0.035876,0.037686,0.039202,0.040944,0.042009,0.042948,0.043474,0.044063,0.044434,0.044841,0.04502,0.045261,0.045197,0.045387,0.045342,0.045189,0.045193,0.045131,0.045026,0.044961,0.04499,0.045041,0.045305,0.045674,0.046094,0.046171,0.046332,0.046502,0.046438,0.046158,0.045706,0.044789,0.043557,0.041955,0.039919,0.038986,0.037788,0.036436,0.035089,0.033457,0.03188,0.03026,0.028604,0.026825,0.025363,0.023916,0.022679,0.021109,0.019424,0.018057,0.017767,0.014728,0.014007,0.012183,0.010627,0.010257,0.0092879,0.0086228,0.0079346,0.0071496,0.0076611,0.004872,0.0036553,0.0029009,0.0024171,0.0019781,0.0017413,0.0017889
x=10cm,0.0041695,0.0043472,0.0045562,0.0048917,0.0053489,0.0059309,0.0066434,0.0073705,0.0084258,0.0099881,0.012345,0.015166,0.017041,0.019484,0.021533,0.023532,0.025139,0.026675,0.028001,0.029479,0.030525,0.031457,0.032278,0.032957,0.033606,0.034141,0.034652,0.035116,0.035552,0.035899,0.036278,0.036493,0.036806,0.037027,0.037295,0.037639,0.038044,0.038536,0.039336,0.04014,0.04147,0.042056,0.042703,0.043557,0.044022,0.044426,0.044542,0.044565,0.044087,0.043278,0.04187,0.041018,0.040018,0.039003,0.037809,0.036265,0.034789,0.033308,0.031656,0.029641,0.028114,0.026594,0.025346,0.02393,0.022226,0.020568,0.020145,0.017025,0.016038,0.01405,0.012339,0.011911,0.010793,0.010094,0.0092071,0.0083416,0.0088422,0.0056927,0.0042689,0.0033497,0.0028101,0.0022907,0.0020216,0.0020674
x=9cm,0.0028161,0.0029385,0.003075,0.0033101,0.0035766,0.0039971,0.0044891,0.004996,0.0057067,0.0067412,0.008341,0.010236,0.011466,0.013216,0.01465,0.015995,0.017252,0.018448,0.019394,0.020592,0.021488,0.022161,0.022906,0.023639,0.024253,0.02475,0.025354,0.025874,0.026402,0.026839,0.02728,0.027695,0.028159,0.028505,0.029073,0.029442,0.030088,0.030795,0.031839,0.032999,0.034733,0.035662,0.036755,0.0378,0.038874,0.0399,0.040805,0.041455,0.041808,0.041788,0.041162,0.040777,0.040094,0.039321,0.038395,0.037243,0.036093,0.034691,0.033146,0.031125,0.029738,0.028116,0.027186,0.025817,0.024041,0.022428,0.021749,0.018801,0.017603,0.015538,0.013767,0.013225,0.012005,0.011133,0.010254,0.0092945,0.0097558,0.0063866,0.0047873,0.0038017,0.0031557,0.0025809,0.0022873,0.0023018
x=8cm,0.0019459,0.0020339,0.0021386,0.0022893,0.002482,0.0027666,0.0031035,0.0034547,0.003921,0.0046652,0.0057587,0.0070471,0.0079231,0.0091238,0.010145,0.011128,0.011965,0.012797,0.013617,0.014432,0.015076,0.015744,0.016233,0.016832,0.017369,0.017837,0.018334,0.018882,0.019257,0.019722,0.020175,0.020714,0.021063,0.02154,0.02204,0.022555,0.023192,0.023984,0.024987,0.026392,0.028216,0.029287,0.030487,0.031921,0.033143,0.034584,0.036269,0.03754,0.038511,0.039207,0.039454,0.039427,0.039292,0.038674,0.038203,0.037405,0.036408,0.035386,0.034015,0.031855,0.030834,0.029185,0.028356,0.027345,0.025563,0.02407,0.02306,0.02033,0.018928,0.016942,0.015083,0.014457,0.013062,0.0122,0.011271,0.010146,0.010589,0.0070429,0.0053274,0.0042207,0.0034996,0.0028446,0.0025232,0.0025582
x=6cm,0.00089788,0.00094072,0.00098608,0.0010425,0.0011477,0.0012776,0.0014356,0.001592,0.0017928,0.0021173,0.0026286,0.0032547,0.0036078,0.0041787,0.0046158,0.0051029,0.0054865,0.0058946,0.006281,0.0067035,0.0069922,0.0073167,0.0076417,0.0079235,0.0082099,0.0085146,0.008829,0.0091137,0.0093491,0.0096712,0.0099626,0.010299,0.010555,0.010888,0.011224,0.011662,0.012134,0.01271,0.013522,0.014603,0.016069,0.01702,0.018147,0.019599,0.021023,0.022809,0.024663,0.026715,0.028688,0.030529,0.032112,0.032774,0.03334,0.033684,0.033988,0.033894,0.033752,0.033292,0.032599,0.030758,0.030116,0.028558,0.02848,0.028131,0.026854,0.025358,0.02402,0.022189,0.020437,0.018543,0.016862,0.01606,0.014604,0.013619,0.012652,0.011433,0.011692,0.0081938,0.0061855,0.0048896,0.0040627,0.0033724,0.0029671,0.0029866
x=3cm,0.00029239,0.00029943,0.00031394,0.00033483,0.00037092,0.00041623,0.00046573,0.00052152,0.00057988,0.00067967,0.0008559,0.0010287,0.0011599,0.0013344,0.0014934,0.0016208,0.0017606,0.0018907,0.0020117,0.0021403,0.002265,0.0023776,0.0024651,0.0025814,0.002684,0.0027887,0.0028885,0.0029859,0.0030839,0.0031874,0.0032994,0.0034025,0.0035412,0.0036887,0.0038282,0.0039743,0.0041563,0.0044121,0.0047618,0.0052315,0.0059553,0.0064162,0.0070242,0.0078057,0.0086619,0.009909,0.011293,0.013031,0.014873,0.017084,0.019292,0.020361,0.021523,0.022533,0.023505,0.024317,0.024966,0.025348,0.025501,0.024211,0.024572,0.023258,0.024207,0.025032,0.024452,0.023632,0.021781,0.021682,0.019584,0.01842,0.017116,0.016348,0.014919,0.01404,0.013072,0.011953,0.011991,0.008812,0.006668,0.005366,0.0045374,0.003747,0.0032911,0.0033282
x=0cm,9.90E-05,0.00010605,0.00010875,0.00011528,0.00012732,0.00014091,0.00015582,0.00017431,0.00019987,0.00023063,0.00029203,0.00036176,0.0003981,0.00046375,0.00050532,0.00055961,0.00060216,0.00064376,0.00068273,0.00073586,0.00076952,0.00081109,0.00084502,0.00088286,0.00092175,0.00095797,0.00099251,0.0010291,0.0010636,0.0011093,0.0011416,0.0011835,0.0012355,0.0012683,0.0013278,0.001395,0.001448,0.0015484,0.0016751,0.0018651,0.0021362,0.0023107,0.0025663,0.0028992,0.0033308,0.0039314,0.0046556,0.0057046,0.0069276,0.0084504,0.010265,0.011296,0.01234,0.013435,0.014507,0.015592,0.016552,0.017363,0.017933,0.017277,0.018125,0.017188,0.018544,0.020074,0.02028,0.019968,0.018023,0.019311,0.017241,0.01671,0.015904,0.015186,0.014031,0.013223,0.012461,0.011466,0.011304,0.0086603,0.0067622,0.0054854,0.0046405,0.0038975,0.0034753,0.0034946
x=-3cm,3.61E-05,3.92E-05,3.84E-05,4.18E-05,4.27E-05,4.88E-05,5.55E-05,6.10E-05,6.94E-05,7.86E-05,0.00010032,0.00012211,0.00013468,0.00015705,0.00017305,0.00019499,0.00021058,0.00022694,0.00024175,0.00025331,0.00027574,0.00028728,0.00029792,0.00031498,0.00032985,0.00034642,0.00035265,0.00037298,0.00038157,0.00040016,0.00040976,0.00042505,0.00044243,0.00046277,0.0004758,0.00049035,0.00051749,0.00055079,0.00059447,0.00067315,0.00077133,0.00084432,0.00093038,0.0010755,0.0012406,0.0014983,0.0018526,0.0023214,0.0030007,0.0039135,0.0051073,0.0058184,0.0066303,0.0074017,0.0083407,0.0092603,0.01027,0.011073,0.011811,0.011575,0.012486,0.011868,0.013326,0.015084,0.015754,0.015913,0.01393,0.016182,0.01426,0.014326,0.013927,0.013373,0.012419,0.011844,0.011303,0.010387,0.010172,0.0081991,0.0064803,0.0053325,0.0045481,0.003839,0.0034129,0.0034833
x=-6cm,1.41E-05,1.57E-05,1.43E-05,1.48E-05,1.61E-05,1.83E-05,1.78E-05,2.18E-05,2.56E-05,2.70E-05,3.61E-05,4.39E-05,4.81E-05,5.56E-05,6.39E-05,6.75E-05,7.39E-05,7.89E-05,8.52E-05,9.27E-05,9.62E-05,0.00010184,0.00010632,0.00010873,0.0001161,0.00012174,0.00012456,0.00012634,0.000134,0.00014159,0.00014364,0.0001473,0.00016156,0.00016611,0.00016763,0.00017461,0.00018355,0.00019174,0.00020639,0.0002267,0.00026609,0.00028165,0.00032105,0.00036424,0.00042889,0.00052145,0.00065764,0.0008589,0.0011713,0.0015906,0.0022821,0.0026611,0.0031214,0.0036887,0.0043008,0.0049676,0.0056955,0.0064103,0.0070487,0.0069984,0.0078557,0.0074689,0.0086698,0.010302,0.011148,0.011591,0.0098847,0.012385,0.010702,0.011195,0.011168,0.010781,0.010034,0.0096751,0.0093133,0.0086431,0.0084966,0.0070363,0.00566,0.0046901,0.0040967,0.0034843,0.003143,0.0031532
x=-8cm,1.16E-05,1.13E-05,1.03E-05,9.37E-06,1.20E-05,1.24E-05,1.28E-05,1.37E-05,1.57E-05,1.66E-05,2.27E-05,2.64E-05,2.84E-05,3.27E-05,3.52E-05,3.85E-05,4.34E-05,4.91E-05,4.99E-05,5.43E-05,5.92E-05,5.76E-05,6.13E-05,6.79E-05,7.00E-05,7.43E-05,7.37E-05,7.62E-05,8.06E-05,8.02E-05,8.47E-05,8.57E-05,8.80E-05,9.48E-05,9.37E-05,9.54E-05,0.0001031,0.00010186,0.000109,0.00011902,0.00013537,0.00014351,0.00016091,0.00017872,0.0002146,0.00025915,0.00033658,0.00043127,0.00059967,0.00085859,0.0012799,0.0015161,0.0018396,0.00219,0.0026248,0.0031585,0.0036812,0.0042606,0.0047498,0.0047579,0.005457,0.0051963,0.006208,0.0075361,0.0084266,0.0088475,0.0074411,0.0098279,0.0083959,0.0089607,0.0089977,0.0086968,0.0082146,0.0080099,0.0077464,0.0072225,0.0071175,0.0060086,0.0048745,0.0040358,0.0035543,0.0030569,0.0027388,0.0027773
x=-9cm,1.11E-05,1.12E-05,9.57E-06,1.03E-05,9.93E-06,1.08E-05,1.18E-05,1.18E-05,1.36E-05,1.64E-05,1.89E-05,2.35E-05,2.63E-05,2.97E-05,3.17E-05,3.51E-05,3.88E-05,4.38E-05,4.32E-05,4.89E-05,4.85E-05,5.21E-05,5.35E-05,5.75E-05,5.91E-05,6.33E-05,6.59E-05,6.60E-05,6.91E-05,7.15E-05,7.17E-05,7.45E-05,7.15E-05,7.91E-05,7.80E-05,7.99E-05,8.23E-05,7.96E-05,8.05E-05,8.82E-05,9.86E-05,0.00010791,0.00011573,0.0001287,0.00015276,0.00018834,0.00024942,0.00031058,0.00042373,0.0006215,0.00094797,0.0011308,0.0013793,0.0016636,0.0020012,0.0024446,0.0028797,0.0033486,0.0037752,0.003796,0.0044556,0.0042397,0.0050898,0.0062714,0.0070797,0.0075148,0.0062987,0.0084437,0.0071978,0.0077276,0.0078702,0.0076035,0.0072215,0.0069634,0.0067958,0.006386,0.0062664,0.0053286,0.0043455,0.0036471,0.0031759,0.0027577,0.0025086,0.0025231
x=-10cm,1.43E-05,1.41E-05,1.26E-05,1.27E-05,1.07E-05,1.12E-05,1.26E-05,1.26E-05,1.31E-05,1.53E-05,2.07E-05,2.31E-05,2.32E-05,3.06E-05,3.46E-05,3.70E-05,4.02E-05,4.75E-05,4.88E-05,5.11E-05,5.24E-05,5.42E-05,5.72E-05,5.71E-05,5.91E-05,6.12E-05,6.31E-05,6.51E-05,6.28E-05,6.57E-05,6.83E-05,6.77E-05,7.01E-05,6.90E-05,7.08E-05,7.08E-05,7.24E-05,6.98E-05,6.81E-05,7.45E-05,7.94E-05,8.24E-05,9.33E-05,0.00010176,0.00011715,0.00014178,0.00018108,0.00021811,0.0003035,0.00044331,0.00069016,0.00083398,0.0010363,0.0012484,0.0015214,0.0018689,0.0022654,0.0026405,0.0030262,0.0030713,0.0036029,0.0034075,0.0042033,0.0052382,0.0059184,0.0063679,0.0052793,0.0072729,0.006172,0.006724,0.0068218,0.006633,0.0063021,0.0061817,0.0059541,0.0056021,0.0055079,0.0047216,0.0038744,0.0032272,0.0028703,0.0024863,0.0022457,0.002291
x=-11cm,2.05E-05,1.75E-05,1.62E-05,1.58E-05,1.60E-05,1.52E-05,1.47E-05,1.54E-05,1.59E-05,1.81E-05,2.23E-05,2.65E-05,3.31E-05,3.42E-05,3.93E-05,4.03E-05,4.47E-05,4.93E-05,5.30E-05,5.32E-05,5.45E-05,5.85E-05,5.87E-05,6.33E-05,6.04E-05,6.60E-05,6.43E-05,6.71E-05,7.11E-05,6.88E-05,6.53E-05,6.94E-05,6.85E-05,6.94E-05,7.04E-05,6.28E-05,6.32E-05,6.12E-05,6.07E-05,6.32E-05,6.38E-05,6.62E-05,6.96E-05,7.75E-05,8.48E-05,9.86E-05,0.00012967,0.00015228,0.00020816,0.00031119,0.00049335,0.00061209,0.00073287,0.00092518,0.001144,0.0014081,0.0017316,0.0020175,0.0023257,0.0023652,0.0027986,0.0026948,0.0032794,0.0041521,0.0047773,0.0051564,0.0042369,0.0060084,0.0050414,0.0055547,0.0056959,0.0055454,0.0052162,0.0051314,0.0049919,0.0047482,0.0046437,0.0039937,0.0032987,0.0028128,0.0024566,0.0021441,0.0019486,0.0019814
x=-12cm,2.58E-05,2.35E-05,2.13E-05,2.10E-05,2.02E-05,1.91E-05,1.93E-05,2.21E-05,2.13E-05,2.28E-05,2.61E-05,3.54E-05,3.59E-05,4.45E-05,4.52E-05,5.02E-05,5.49E-05,6.08E-05,6.57E-05,6.18E-05,6.62E-05,7.18E-05,6.67E-05,7.21E-05,6.88E-05,7.06E-05,6.97E-05,7.00E-05,7.29E-05,7.28E-05,7.02E-05,7.23E-05,6.86E-05,6.39E-05,6.44E-05,6.59E-05,5.83E-05,5.76E-05,5.14E-05,5.16E-05,5.17E-05,5.33E-05,5.29E-05,5.80E-05,6.52E-05,7.02E-05,9.31E-05,0.00010359,0.00014247,0.00020644,0.00035043,0.00042186,0.00052746,0.00064185,0.00080335,0.0010232,0.0012472,0.0014842,0.0017538,0.0017647,0.0021087,0.0020277,0.0024991,0.0031801,0.0036846,0.0039891,0.0032868,0.0047029,0.0039344,0.0043591,0.0044855,0.0043952,0.0041919,0.0040703,0.0039946,0.0037578,0.0037393,0.0032358,0.0026791,0.002267,0.0020224,0.0017644,0.0016098,0.0016361
x=-13cm,3.83E-05,3.64E-05,3.11E-05,3.11E-05,2.68E-05,2.79E-05,2.74E-05,2.83E-05,3.10E-05,3.48E-05,3.74E-05,4.35E-05,5.16E-05,5.61E-05,5.93E-05,6.05E-05,6.68E-05,7.02E-05,6.88E-05,7.38E-05,7.21E-05,7.33E-05,7.40E-05,7.19E-05,7.15E-05,6.98E-05,7.04E-05,7.07E-05,6.97E-05,7.22E-05,6.61E-05,6.63E-05,6.48E-05,6.18E-05,5.60E-05,5.32E-05,5.13E-05,4.71E-05,4.40E-05,3.84E-05,3.81E-05,4.12E-05,3.95E-05,4.24E-05,4.55E-05,4.81E-05,6.57E-05,6.47E-05,9.01E-05,0.00013715,0.00022738,0.00027536,0.00033972,0.00043481,0.00053742,0.0006893,0.00083373,0.00099886,0.0012014,0.001224,0.0014517,0.0013879,0.0017427,0.0022608,0.0026482,0.0028563,0.0023471,0.0034023,0.0028647,0.0031834,0.0032914,0.0032154,0.0030253,0.0029852,0.0029273,0.0027757,0.0027514,0.002389,0.0020002,0.0017044,0.001514,0.0013266,0.0012217,0.0012442
x=-14cm,5.86E-05,4.75E-05,4.67E-05,4.41E-05,4.28E-05,4.04E-05,4.47E-05,3.98E-05,4.55E-05,4.87E-05,5.27E-05,6.15E-05,6.82E-05,6.58E-05,6.84E-05,6.89E-05,7.52E-05,7.37E-05,7.42E-05,7.54E-05,6.96E-05,6.75E-05,6.83E-05,6.82E-05,6.15E-05,5.98E-05,6.31E-05,5.91E-05,5.97E-05,5.73E-05,5.41E-05,5.47E-05,4.91E-05,4.98E-05,4.80E-05,4.00E-05,3.75E-05,3.38E-05,3.03E-05,2.88E-05,3.00E-05,2.84E-05,2.50E-05,2.51E-05,2.92E-05,2.94E-05,3.99E-05,4.00E-05,5.22E-05,8.25E-05,0.00013202,0.00015676,0.00019161,0.00024735,0.00031665,0.00040165,0.00050321,0.00059726,0.00071477,0.00072797,0.00087966,0.00083657,0.0010866,0.0013725,0.0016232,0.0017608,0.0014514,0.0021546,0.0017758,0.0019785,0.0020466,0.0020173,0.0019263,0.0018919,0.0018496,0.001748,0.0017349,0.0015355,0.001291,0.0011273,0.0010048,0.00090625,0.00084342,0.00087109
y=14cm,0.00059983,0.00061781,0.0006299,0.00067533,0.00072941,0.00080793,0.00092005,0.0010157,0.0011992,0.0014079,0.0018037,0.0022543,0.0025081,0.0029207,0.0032032,0.0034835,0.0036928,0.0038283,0.0039763,0.0040472,0.0040965,0.0040993,0.0040944,0.0040725,0.0040159,0.003967,0.0039052,0.0038537,0.0038257,0.0037481,0.0036949,0.0036254,0.0035402,0.0035423,0.0034893,0.0034591,0.0034292,0.0034212,0.003491,0.0036024,0.0037645,0.0038754,0.0040399,0.0041708,0.0043407,0.0045875,0.0048573,0.0050605,0.0052733,0.0055204,0.0056963,0.0058346,0.0059207,0.0059397,0.0059889,0.0060499,0.0060498,0.0059853,0.0058213,0.0054629,0.0054787,0.0050169,0.0050904,0.0051672,0.0050915,0.0048957,0.0043879,0.0044397,0.0039404,0.003701,0.0034637,0.0033068,0.0030135,0.0028779,0.0026973,0.0024644,0.0027018,0.0018563,0.001437,0.0011968,0.0010189,0.00088903,0.00082164,0.00084136
y=13cm,0.00059066,0.00061494,0.00064407,0.00067184,0.00073566,0.00082315,0.00090514,0.0010157,0.0011461,0.0013695,0.0017349,0.0021951,0.0024034,0.0028375,0.0031218,0.0034247,0.0036944,0.0039486,0.0041644,0.0043107,0.004478,0.004631,0.0046768,0.0047238,0.0047457,0.0047481,0.0047579,0.0047967,0.0048,0.0047354,0.0047347,0.0047294,0.0047048,0.0047216,0.0046668,0.0046845,0.0047692,0.0048031,0.0049126,0.0050796,0.0054077,0.0055618,0.0058202,0.0060915,0.0064232,0.006771,0.007144,0.0075895,0.0079703,0.0083887,0.0087941,0.008959,0.0091189,0.0092998,0.0093514,0.009445,0.0094,0.009385,0.0092323,0.0086249,0.0086002,0.0079208,0.0081071,0.008269,0.0081606,0.0078292,0.0069678,0.0070933,0.0062833,0.0059335,0.0055438,0.0053231,0.004812,0.0045472,0.0043016,0.0039306,0.0042524,0.0029242,0.0022434,0.0018155,0.0015663,0.0013288,0.0012085,0.0012181
y=12cm,0.00052943,0.00053848,0.00056259,0.00059169,0.00064662,0.00071721,0.00080045,0.0008759,0.0010096,0.0012031,0.0014861,0.0018377,0.0020768,0.0024267,0.0027232,0.0030256,0.0032806,0.0035114,0.0036922,0.0039377,0.004104,0.0043014,0.0043657,0.0044996,0.0046518,0.0047172,0.0047772,0.0048343,0.004882,0.0049212,0.005002,0.0050225,0.0050185,0.0050658,0.0051082,0.0051745,0.0052673,0.0053667,0.0055394,0.0058588,0.0062437,0.0064732,0.0068288,0.0072219,0.0076493,0.0081284,0.0087151,0.0092989,0.0099287,0.010531,0.011135,0.01141,0.011766,0.011919,0.012079,0.012307,0.012354,0.012291,0.012139,0.011405,0.011425,0.010579,0.01081,0.011079,0.01089,0.01052,0.0094575,0.0095083,0.0084922,0.0079951,0.0074505,0.007163,0.0065455,0.0061178,0.0057918,0.0053029,0.00564,0.0039111,0.0030227,0.0024418,0.0020667,0.0017266,0.0015413,0.0015684
y=11cm,0.00044401,0.00046118,0.00047423,0.00050272,0.00053476,0.00060311,0.000657,0.00073672,0.00083925,0.00098635,0.0012419,0.001518,0.0017184,0.0020222,0.0022427,0.0024803,0.0026969,0.0029205,0.0031129,0.0033371,0.0035054,0.0036776,0.0038217,0.0039481,0.004064,0.0041707,0.0042969,0.0043811,0.0045064,0.0045363,0.0045832,0.0047006,0.0047753,0.0048597,0.0048919,0.0050274,0.0051357,0.0052845,0.0055709,0.0058739,0.0063961,0.0066438,0.0070611,0.0075746,0.0080224,0.0086614,0.0093442,0.010199,0.010981,0.011832,0.01271,0.01297,0.01349,0.013796,0.014038,0.014347,0.014492,0.014488,0.014366,0.013552,0.013584,0.012694,0.012992,0.013401,0.0132,0.01279,0.011448,0.011707,0.010388,0.0098509,0.0091702,0.0087943,0.0080238,0.0075915,0.0071176,0.0065122,0.0068492,0.0048127,0.0036998,0.0029847,0.002524,0.0021265,0.0019055,0.0018999
y=10cm,0.00037087,0.00037865,0.00039122,0.00042442,0.00045055,0.00049527,0.00055718,0.0006116,0.00069415,0.00082384,0.0010212,0.0012552,0.0014186,0.0016341,0.0018527,0.002039,0.0022222,0.0024056,0.0025882,0.0027556,0.0028839,0.0030584,0.0031908,0.0033195,0.0034259,0.0035128,0.0036788,0.0037642,0.0038622,0.0039437,0.0040453,0.0041283,0.0042513,0.0043149,0.0043942,0.0045554,0.0046744,0.00488,0.0050979,0.0054847,0.0060327,0.006373,0.0067702,0.0072655,0.0078434,0.008573,0.0093914,0.010298,0.011203,0.012303,0.013336,0.013899,0.014377,0.014855,0.015345,0.015665,0.015945,0.016101,0.015968,0.015089,0.015279,0.014201,0.01466,0.015247,0.015068,0.014633,0.013023,0.013423,0.011978,0.01137,0.010621,0.01013,0.0093035,0.0087354,0.0081938,0.0075142,0.0078406,0.0055789,0.004315,0.0034694,0.0029192,0.0024557,0.0021798,0.0021852
y=9cm,0.00029607,0.00030448,0.00032765,0.00034291,0.00036581,0.00040088,0.00045216,0.00049946,0.00057072,0.00067306,0.00082522,0.0010225,0.0011367,0.001342,0.0015061,0.0016658,0.0017977,0.0019613,0.0020716,0.0022143,0.0023681,0.0024712,0.0025763,0.0026865,0.0028133,0.0029059,0.0030361,0.0031369,0.003218,0.0032982,0.003423,0.0034781,0.0035984,0.0037146,0.0037811,0.0039059,0.0040433,0.004244,0.0045251,0.0048905,0.0053372,0.0057098,0.0061676,0.0066959,0.007264,0.0080536,0.008845,0.0099091,0.011006,0.01226,0.013482,0.01411,0.014704,0.015241,0.015886,0.016391,0.016734,0.016951,0.016978,0.016062,0.016348,0.015312,0.015869,0.016589,0.016449,0.015992,0.014238,0.01478,0.013148,0.012512,0.011787,0.011244,0.010254,0.0097168,0.0091265,0.0083635,0.0086052,0.0061875,0.0048073,0.003879,0.0032792,0.002708,0.0024379,0.0024466
y=8cm,0.00024897,0.000254,0.00026418,0.00028923,0.00030598,0.00034624,0.00038199,0.00041866,0.00048156,0.00057155,0.00069741,0.00086223,0.00096572,0.0011141,0.0012372,0.0013757,0.0014943,0.0016093,0.001724,0.0018352,0.0019369,0.0020646,0.0021403,0.0022364,0.0023245,0.002412,0.0025184,0.0026248,0.0027166,0.002767,0.0028777,0.0029541,0.0030466,0.0031417,0.0032591,0.0033938,0.0035175,0.0036787,0.003931,0.0042492,0.004779,0.0050917,0.0055019,0.0060674,0.0066576,0.0074041,0.0083252,0.0093929,0.01056,0.011947,0.013407,0.014136,0.014858,0.015604,0.01626,0.016824,0.017374,0.017721,0.01783,0.016887,0.017295,0.016184,0.016893,0.017813,0.017674,0.01724,0.015475,0.016074,0.014337,0.013729,0.012922,0.0123,0.011251,0.010651,0.0099691,0.0091017,0.0093804,0.0068563,0.0052824,0.0042586,0.00358,0.0030025,0.0027037,0.0027186
y=6cm,0.00017538,0.00017702,0.00018719,0.00019936,0.0002123,0.00023838,0.00026875,0.00030042,0.00033277,0.00040172,0.00048891,0.00060395,0.00067471,0.00077259,0.00086299,0.00094662,0.0010339,0.0011058,0.0011932,0.0012689,0.0013322,0.0014067,0.0014818,0.0015426,0.0016096,0.0016713,0.0017397,0.001783,0.0018589,0.0019358,0.0019955,0.002067,0.0021266,0.0022406,0.0022968,0.0023962,0.0024808,0.0026414,0.0028442,0.0031611,0.0035454,0.0038144,0.0041993,0.0046435,0.0051895,0.0059422,0.0068014,0.0079706,0.0092425,0.010753,0.01243,0.013329,0.014286,0.015129,0.016071,0.016921,0.017651,0.018162,0.018414,0.017656,0.018301,0.017156,0.018137,0.019319,0.019345,0.018945,0.016992,0.01794,0.01591,0.015376,0.014495,0.013916,0.012717,0.012021,0.011383,0.010352,0.010383,0.0078332,0.0060906,0.0048991,0.0041102,0.0034525,0.0030701,0.0030866
y=3cm,0.0001139,0.00012062,0.00012495,0.00013216,0.00014344,0.0001595,0.0001777,0.00019837,0.00022682,0.0002734,0.00033579,0.00040022,0.00045253,0.00052825,0.00058968,0.00062999,0.00069149,0.00073064,0.00078464,0.00083917,0.00088371,0.00093514,0.00096576,0.0010175,0.0010601,0.0010932,0.0011416,0.001184,0.0012271,0.0012577,0.0013088,0.0013582,0.0014027,0.0014693,0.0015168,0.0016017,0.0016682,0.0017707,0.0019226,0.0021304,0.0024359,0.0026454,0.0029147,0.0033128,0.0037463,0.0043548,0.0051443,0.0062158,0.0074533,0.0090127,0.010809,0.011773,0.012846,0.013856,0.014883,0.015905,0.016852,0.017615,0.018153,0.017463,0.018221,0.017228,0.018465,0.019911,0.020113,0.01976,0.017722,0.019005,0.01694,0.016447,0.015583,0.014884,0.013703,0.012928,0.01225,0.011184,0.011044,0.0084653,0.0065708,0.0053006,0.0044814,0.0038002,0.0033817,0.003372
y=0cm,9.90E-05,0.00010605,0.00010875,0.00011528,0.00012732,0.00014091,0.00015582,0.00017431,0.00019987,0.00023063,0.00029203,0.00036176,0.0003981,0.00046375,0.00050532,0.00055961,0.00060216,0.00064376,0.00068273,0.00073586,0.00076952,0.00081109,0.00084502,0.00088286,0.00092175,0.00095797,0.00099251,0.0010291,0.0010636,0.0011093,0.0011416,0.0011835,0.0012355,0.0012683,0.0013278,0.001395,0.001448,0.0015484,0.0016751,0.0018651,0.0021362,0.0023107,0.0025663,0.0028992,0.0033308,0.0039314,0.0046556,0.0057046,0.0069276,0.0084504,0.010265,0.011296,0.01234,0.013435,0.014507,0.015592,0.016552,0.017363,0.017933,0.017277,0.018125,0.017188,0.018544,0.020074,0.02028,0.019968,0.018023,0.019311,0.017241,0.01671,0.015904,0.015186,0.014031,0.013223,0.012461,0.011466,0.011304,0.0086603,0.0067622,0.0054854,0.0046405,0.0038975,0.0034753,0.0034946
y=-3cm,0.0001101,0.00011591,0.00012101,0.00013296,0.00014406,0.00015793,0.00017573,0.0001952,0.00021802,0.00026273,0.0003237,0.00039846,0.00044971,0.00051176,0.00057686,0.00061946,0.00068765,0.00073321,0.00078219,0.00083366,0.00087891,0.00092477,0.00095918,0.00099839,0.001041,0.0010848,0.0011245,0.0011606,0.0012122,0.0012497,0.0012942,0.0013515,0.001395,0.0014378,0.0014954,0.0015658,0.001643,0.001745,0.0019009,0.0020919,0.0023767,0.0026039,0.0028729,0.0032247,0.0036905,0.0042997,0.0050751,0.0061051,0.0073744,0.008896,0.010674,0.011661,0.012644,0.013672,0.014746,0.015762,0.016684,0.017504,0.017942,0.017331,0.018025,0.017144,0.018304,0.019754,0.019905,0.019624,0.017498,0.018741,0.01677,0.016206,0.015464,0.01475,0.013601,0.012866,0.012117,0.011134,0.010966,0.0083775,0.0065238,0.00526,0.0044815,0.003736,0.0033341,0.0033684
y=-6cm,0.00017484,0.00018221,0.00018834,0.00019885,0.00021851,0.00024153,0.00026398,0.00029611,0.00033885,0.00039111,0.00049754,0.00059544,0.00066261,0.00076965,0.00085959,0.00094362,0.0010233,0.0011167,0.0011953,0.0012637,0.0013423,0.0014055,0.0014742,0.0015444,0.0016062,0.001675,0.0017222,0.0017955,0.0018709,0.0019232,0.001987,0.0020506,0.0021498,0.002202,0.0022968,0.0023942,0.0025142,0.0026393,0.0028884,0.0031243,0.0035728,0.0038547,0.004186,0.0046591,0.0051971,0.0059685,0.0068681,0.0079797,0.0092857,0.010826,0.012533,0.013481,0.014394,0.015335,0.016194,0.017002,0.017849,0.018335,0.018676,0.017894,0.018478,0.017426,0.018376,0.019499,0.019616,0.019233,0.017239,0.018205,0.016114,0.015576,0.014714,0.014007,0.012876,0.012189,0.011478,0.010522,0.010556,0.0079392,0.0060896,0.0049301,0.0041855,0.0034816,0.0030926,0.0030956
y=-8cm,0.00024446,0.00025533,0.00027044,0.00028183,0.00030821,0.00033876,0.00037997,0.00041873,0.00047445,0.00056378,0.00070309,0.00085227,0.00094787,0.0011093,0.001236,0.0013746,0.0014874,0.0016,0.0017235,0.001836,0.00193,0.0020415,0.0021355,0.0022415,0.0023304,0.0024214,0.0024993,0.0025953,0.0026826,0.0027811,0.0028529,0.002947,0.0030427,0.0031383,0.003238,0.0033298,0.0034957,0.003666,0.0039376,0.0042587,0.0047785,0.005106,0.0055346,0.0060667,0.0066077,0.0074701,0.0084009,0.0094637,0.01067,0.012103,0.013514,0.014276,0.015015,0.015734,0.016411,0.017097,0.017608,0.017982,0.018037,0.017155,0.017571,0.016397,0.017209,0.018051,0.017962,0.017494,0.015704,0.016405,0.014557,0.013945,0.013118,0.012539,0.011408,0.010787,0.010159,0.0093464,0.0095253,0.0069327,0.0054211,0.004321,0.0036555,0.0030752,0.002727,0.0027687
y=-9cm,0.00029804,0.0003004,0.00031744,0.00034141,0.00036197,0.00040207,0.00044681,0.00050089,0.00057318,0.00067419,0.00083376,0.0010305,0.001152,0.0013222,0.0014893,0.0016456,0.0017862,0.0019342,0.0020624,0.0022246,0.002343,0.0024695,0.0025651,0.0026685,0.0028157,0.0029056,0.0030131,0.0030953,0.0032085,0.0032726,0.0033731,0.0034883,0.0035929,0.0036661,0.0037784,0.0038919,0.0040714,0.0042597,0.0045008,0.0048384,0.0053973,0.005721,0.006153,0.0067395,0.0072577,0.0081005,0.0089562,0.0099451,0.01106,0.012319,0.013689,0.014229,0.014909,0.015485,0.016093,0.016574,0.01702,0.017181,0.017218,0.016292,0.016595,0.015471,0.016105,0.016821,0.016676,0.016285,0.014524,0.0151,0.013402,0.012787,0.012007,0.011474,0.010425,0.0098928,0.009251,0.0085167,0.0087691,0.0063411,0.0048701,0.0039388,0.0033005,0.0027921,0.0024754,0.0024859
y=-10cm,0.00035153,0.0003611,0.00038067,0.00039273,0.00043502,0.00048154,0.00053174,0.00059685,0.00067879,0.00079474,0.00099496,0.0012146,0.0013618,0.0015817,0.0017775,0.0019609,0.0021526,0.0022996,0.0024778,0.0026709,0.0028127,0.0029429,0.0030865,0.0032145,0.0033309,0.0034297,0.0035664,0.0036552,0.0037436,0.003825,0.0039136,0.0040201,0.0040899,0.0042095,0.0042614,0.0044165,0.0045663,0.0047512,0.0049736,0.0053385,0.0058928,0.0061749,0.006611,0.0071098,0.0076781,0.0083848,0.0091792,0.010116,0.011073,0.012153,0.013133,0.013586,0.01413,0.014615,0.015066,0.015385,0.015733,0.015788,0.015752,0.014897,0.015038,0.013981,0.014452,0.015055,0.01485,0.014421,0.012891,0.013281,0.01181,0.011185,0.010491,0.010037,0.0091476,0.0086403,0.0081511,0.0074197,0.0077652,0.0055047,0.0042518,0.0034291,0.002902,0.0024281,0.0021573,0.0021668
y=-11cm,0.0004314,0.00043634,0.0004553,0.00048713,0.0005248,0.00057889,0.00063835,0.00071183,0.00081461,0.00096178,0.001195,0.0014703,0.0016542,0.0019485,0.0021665,0.0024139,0.0026361,0.0028259,0.0030528,0.0032259,0.0034073,0.0035934,0.0036897,0.0038252,0.0039974,0.0040662,0.0041716,0.0042651,0.0043286,0.0044223,0.004509,0.0045729,0.0046423,0.0047345,0.0048005,0.0048846,0.0050312,0.0051609,0.0053947,0.0057185,0.0062019,0.0065481,0.0069018,0.0073789,0.0078705,0.0085093,0.0091914,0.010019,0.010799,0.011645,0.012446,0.012836,0.01324,0.013608,0.013921,0.01414,0.014262,0.014352,0.014234,0.013348,0.013465,0.012541,0.012833,0.013285,0.013023,0.012661,0.011282,0.011578,0.010317,0.0097229,0.0091112,0.0086977,0.0079336,0.0075353,0.0070368,0.0064483,0.0068224,0.004759,0.0036597,0.0029677,0.0025041,0.0021124,0.0018794,0.0018948
y=-12cm,0.00050382,0.00051608,0.00054488,0.00057852,0.00061376,0.00068423,0.00076248,0.00084557,0.00096892,0.0011481,0.0014491,0.0017853,0.0020033,0.0023702,0.0026496,0.002886,0.003171,0.0033867,0.0035995,0.0037988,0.0040293,0.004172,0.004307,0.0044128,0.0045078,0.0045987,0.0046684,0.0047503,0.0048037,0.0048074,0.0048658,0.0049101,0.0049395,0.0049719,0.0050519,0.0050526,0.0051655,0.0052693,0.0055176,0.0057519,0.0061407,0.0064513,0.0066952,0.0071684,0.0075705,0.0080994,0.008635,0.0092171,0.0098719,0.010522,0.011069,0.011365,0.0116,0.011833,0.01214,0.012186,0.012246,0.012269,0.01211,0.011327,0.011354,0.010584,0.010776,0.011061,0.010892,0.010506,0.0094277,0.0095572,0.0084781,0.0080254,0.0075129,0.0071642,0.0065289,0.0061838,0.0057661,0.0053196,0.0056628,0.0039002,0.0029922,0.002425,0.002057,0.0017514,0.0015605,0.0015779
y=-13cm,0.00058565,0.00061193,0.00062754,0.00065133,0.00070062,0.0007909,0.00087637,0.00097644,0.0011139,0.0013245,0.0016782,0.0020989,0.0023788,0.0027488,0.0030503,0.0033749,0.0036168,0.0038268,0.0041051,0.0043071,0.0043902,0.0045495,0.004613,0.0046753,0.0046905,0.0047479,0.0047668,0.0047655,0.0047561,0.0047114,0.0047434,0.0046865,0.0047191,0.0046729,0.0047089,0.0047296,0.0047261,0.0048231,0.0049109,0.0051198,0.0054376,0.005609,0.0058803,0.0061512,0.0064319,0.0068403,0.007239,0.0076657,0.0080711,0.0085071,0.0089032,0.0091133,0.0092943,0.0093919,0.0094591,0.009578,0.0096047,0.0095194,0.0093711,0.0087622,0.0087851,0.0081107,0.008292,0.0084773,0.0083305,0.0079852,0.0071274,0.0072356,0.0064189,0.0060735,0.0056365,0.0054024,0.0049497,0.0046465,0.004365,0.0039624,0.0043701,0.0029622,0.0022739,0.0018611,0.0015679,0.0013204,0.0011754,0.0012302
y=-14cm,0.00059738,0.00061978,0.00063336,0.00067384,0.00072559,0.00080221,0.00090325,0.0010198,0.0011765,0.0013964,0.0017825,0.002238,0.0025449,0.0029093,0.0032301,0.0034785,0.0037249,0.0038662,0.0039652,0.0041011,0.0041786,0.00418,0.0041966,0.0041664,0.0041173,0.0040669,0.0040332,0.0040114,0.0039362,0.0038828,0.0038078,0.0037766,0.0037041,0.0036528,0.0036063,0.0036029,0.003608,0.00359,0.0036731,0.0037848,0.0039791,0.004075,0.0042224,0.0044292,0.0045793,0.0047986,0.0050613,0.005303,0.0055587,0.005793,0.0060381,0.0061561,0.0062165,0.0062919,0.0063297,0.0063412,0.0063764,0.0062612,0.0061867,0.0057463,0.0057088,0.0053423,0.0053717,0.005506,0.0054026,0.0051573,0.0046415,0.0046954,0.0041612,0.0039389,0.0036576,0.0034887,0.00317,0.0029976,0.0028405,0.0026092,0.0028728,0.001947,0.0015195,0.0012474,0.0010846,0.00093245,0.00084605,0.00085521
z=14cm,0.00031058,0.00031645,0.00033182,0.00035181,0.00038,0.0004174,0.00046584,0.00051968,0.00060292,0.00073071,0.00091911,0.0011815,0.0013357,0.0015799,0.001777,0.0019641,0.0021005,0.0022256,0.002345,0.0024366,0.0024871,0.002526,0.0025684,0.0025465,0.0025719,0.0025842,0.0025726,0.0025428,0.0025316,0.002502,0.0024767,0.0024649,0.0024621,0.002427,0.0024327,0.002416,0.0024188,0.0024481,0.0024984,0.0026188,0.0028004,0.0028762,0.0029978,0.0031875,0.0033577,0.0035805,0.0037856,0.0040238,0.0042919,0.0045557,0.0047812,0.0048844,0.005009,0.00512,0.0052117,0.0052672,0.0052731,0.0053057,0.0051795,0.0048925,0.0049111,0.0045254,0.0046274,0.0047933,0.0047549,0.0045636,0.0040647,0.0042098,0.0036767,0.0035175,0.0032911,0.0031578,0.0028859,0.0027542,0.0025726,0.0023812,0.0026051,0.0017825,0.0014241,0.0011657,0.001017,0.00085962,0.00079801,0.00082362
z=13cm,0.00036586,0.00036851,0.00038429,0.00040515,0.00042752,0.00047893,0.0005341,0.00058421,0.0006893,0.0008332,0.0010443,0.0012985,0.0014834,0.0017532,0.0019631,0.002156,0.0023737,0.0025228,0.0026849,0.0028378,0.002943,0.0030232,0.0030576,0.0031429,0.0032178,0.0032439,0.0032578,0.0032764,0.003262,0.0033052,0.0033129,0.0032908,0.003308,0.0032959,0.0033125,0.003366,0.003383,0.0034287,0.0035498,0.0037353,0.0039931,0.0041779,0.0043904,0.0046451,0.0049379,0.0052347,0.005638,0.0060814,0.0065022,0.0069604,0.0073775,0.0075552,0.0078193,0.0079411,0.0081166,0.0082539,0.0083338,0.008326,0.0082588,0.0077373,0.0078028,0.0071939,0.007401,0.0076677,0.0075681,0.0073476,0.0065136,0.0067433,0.005969,0.0056531,0.0053183,0.0050871,0.0046369,0.0043754,0.0041444,0.0038122,0.0041017,0.0028473,0.0021968,0.0017764,0.0015505,0.001304,0.0011847,0.0011861
z=12cm,0.0003412,0.00034425,0.0003552,0.00038429,0.00042164,0.00045679,0.0005003,0.00056195,0.00065141,0.00076279,0.00097041,0.0012118,0.0013628,0.0016094,0.0017963,0.0020319,0.002205,0.0023743,0.002512,0.002683,0.0028045,0.0029532,0.003026,0.0031347,0.0031937,0.0032946,0.0033279,0.0034169,0.0034287,0.0034608,0.0035385,0.0035498,0.0035856,0.0036159,0.0036688,0.0036943,0.0037901,0.0039096,0.0040698,0.0043279,0.0046699,0.0049032,0.0051625,0.0055138,0.0058899,0.0063444,0.0068677,0.0074718,0.008093,0.008674,0.0093731,0.0096144,0.0099868,0.010258,0.010537,0.010787,0.010924,0.010939,0.010878,0.010201,0.010292,0.0095866,0.0098762,0.010283,0.010236,0.0098643,0.0088149,0.0091081,0.0080437,0.0077057,0.0071794,0.0068709,0.0063316,0.0059548,0.0055937,0.0051418,0.0054618,0.0038572,0.0029772,0.0024137,0.0020718,0.0017363,0.0015506,0.0015743
z=11cm,0.00029693,0.00030353,0.00031935,0.0003403,0.00036633,0.00040267,0.00044569,0.00050386,0.00056383,0.00067657,0.00083853,0.001061,0.0011883,0.001373,0.0015499,0.001732,0.0018885,0.0020425,0.002171,0.0023247,0.0024592,0.0025864,0.0026823,0.0027891,0.0028589,0.0029645,0.003041,0.003126,0.0031845,0.0032618,0.0032975,0.0033697,0.0034177,0.0034991,0.0035336,0.0036632,0.0037429,0.0038893,0.0040667,0.0043346,0.0047536,0.0050185,0.0053379,0.0057456,0.0061775,0.0067235,0.007407,0.0080935,0.0088589,0.0097312,0.010578,0.010987,0.011507,0.011816,0.012199,0.012541,0.01272,0.01288,0.012926,0.012179,0.012366,0.011463,0.011886,0.012426,0.012374,0.012046,0.010664,0.011094,0.0098866,0.0094394,0.0088677,0.0084597,0.0077526,0.0073156,0.0069138,0.0063099,0.0066119,0.0047355,0.0036626,0.0029554,0.0025067,0.0021182,0.0018701,0.0018889
z=10cm,0.00025394,0.00025928,0.00027211,0.00028487,0.0003122,0.00034522,0.00038513,0.00042465,0.00048206,0.00057518,0.00071157,0.00087932,0.00099283,0.0011589,0.0012965,0.0014332,0.0015534,0.0017048,0.0018366,0.0019561,0.0020829,0.0021639,0.0022784,0.0023645,0.002442,0.0025436,0.0026336,0.0027111,0.0027807,0.0028633,0.0029393,0.002994,0.0030543,0.0031166,0.0032282,0.0033323,0.0034225,0.0035633,0.0038094,0.0040979,0.0045128,0.0047675,0.0051157,0.0055214,0.0060092,0.0066524,0.0073501,0.0081744,0.0091049,0.010114,0.011216,0.011686,0.012236,0.012751,0.013251,0.013664,0.014034,0.014244,0.014279,0.013476,0.013748,0.012833,0.013368,0.014092,0.014039,0.013732,0.0122,0.012736,0.011349,0.010862,0.010223,0.009763,0.0089377,0.0084608,0.0079926,0.0073271,0.0076427,0.0055106,0.0042431,0.0034372,0.0029245,0.0024504,0.0021843,0.0021979
z=9cm,0.00021001,0.00021812,0.00022693,0.00023829,0.00025433,0.00028959,0.0003201,0.00035226,0.0004019,0.00047957,0.00059332,0.00073714,0.00082086,0.0009558,0.001075,0.0011836,0.0013056,0.0013955,0.0014975,0.0015999,0.0016994,0.0017824,0.0018659,0.0019643,0.0020366,0.0021197,0.002187,0.0022686,0.0023169,0.0024095,0.0024775,0.0025613,0.0026275,0.0026949,0.0027734,0.0028844,0.0029927,0.0031266,0.0033198,0.0035951,0.0040341,0.0043107,0.0046202,0.005081,0.0055557,0.0062108,0.0069477,0.0078484,0.0088354,0.0099685,0.01118,0.011801,0.01245,0.013041,0.013687,0.014265,0.014726,0.015029,0.015106,0.014399,0.014715,0.013793,0.014419,0.015308,0.015285,0.014894,0.013306,0.014115,0.012478,0.011984,0.011322,0.010827,0.0099159,0.0093855,0.0088196,0.0081262,0.008327,0.0060834,0.0047409,0.0037961,0.0032291,0.0027201,0.002395,0.0024417
z=8cm,0.0001786,0.00017923,0.0001904,0.00020236,0.00022057,0.00023926,0.00027098,0.00029403,0.0003429,0.00039632,0.00049898,0.00060786,0.00068023,0.00079453,0.00089265,0.00097674,0.0010783,0.0011644,0.0012331,0.0013362,0.0014023,0.0014979,0.0015663,0.0016222,0.0017022,0.0017714,0.0018267,0.0018825,0.0019523,0.0020044,0.0020805,0.0021437,0.002218,0.0022724,0.0023779,0.0024644,0.0025414,0.0027249,0.0028969,0.0031684,0.003554,0.0037818,0.0041419,0.0045585,0.0049949,0.0056688,0.0064353,0.0073304,0.008469,0.0096888,0.011049,0.011745,0.01249,0.01321,0.013909,0.014517,0.01518,0.015574,0.015797,0.015051,0.015526,0.014531,0.015372,0.016397,0.016384,0.016123,0.014351,0.015288,0.013547,0.013019,0.012384,0.011855,0.010853,0.010281,0.009703,0.008895,0.0090365,0.0067305,0.0051733,0.0042253,0.0035853,0.0029816,0.0026376,0.0026743
z=6cm,0.00012164,0.00012583,0.00013173,0.00014232,0.00015085,0.0001711,0.00018889,0.00020696,0.00024199,0.00027943,0.00034862,0.00042123,0.00048289,0.00054851,0.00063067,0.00067709,0.00073301,0.0007973,0.00085728,0.00090489,0.00095926,0.0010022,0.0010518,0.0011054,0.0011584,0.0011938,0.0012524,0.0012824,0.0013529,0.001398,0.0014251,0.0014838,0.0015575,0.0015978,0.0016498,0.0017284,0.0017956,0.0019349,0.0020593,0.0022695,0.0026003,0.0028045,0.0030777,0.0034541,0.0038376,0.0044585,0.0052115,0.0061065,0.007257,0.0085903,0.010142,0.01095,0.011844,0.012737,0.013609,0.014484,0.015252,0.015883,0.016279,0.015625,0.016251,0.015299,0.01642,0.017754,0.017915,0.017645,0.015689,0.01699,0.015118,0.014673,0.013949,0.013367,0.012313,0.011612,0.010943,0.010095,0.010076,0.0076543,0.0059897,0.0048334,0.0041338,0.0034714,0.0030464,0.0030947
z=3cm,8.11E-05,8.76E-05,8.85E-05,9.49E-05,0.00010498,0.00011849,0.00012653,0.00013969,0.0001606,0.00018633,0.00023627,0.00028813,0.00031742,0.00037207,0.00040654,0.00044485,0.00049441,0.00053636,0.00057023,0.00060482,0.00064381,0.00066474,0.00069092,0.00072823,0.00075862,0.00078576,0.00081208,0.00085508,0.00087898,0.00090991,0.00094489,0.0009851,0.00099519,0.001051,0.0010966,0.0011397,0.0011996,0.0012676,0.0013832,0.001523,0.0017687,0.001908,0.0021202,0.0023904,0.0027292,0.0032331,0.0038581,0.0046702,0.0057898,0.0071031,0.0087046,0.0095428,0.010518,0.011515,0.012462,0.013549,0.014524,0.015317,0.015825,0.015289,0.01619,0.015349,0.016676,0.018232,0.018562,0.01841,0.016371,0.018023,0.016017,0.015698,0.014892,0.014341,0.013184,0.012567,0.011883,0.010891,0.010754,0.0083286,0.0065209,0.005272,0.0045123,0.003758,0.0033507,0.0034022
z=0cm,9.90E-05,0.00010605,0.00010875,0.00011528,0.00012732,0.00014091,0.00015582,0.00017431,0.00019987,0.00023063,0.00029203,0.00036176,0.0003981,0.00046375,0.00050532,0.00055961,0.00060216,0.00064376,0.00068273,0.00073586,0.00076952,0.00081109,0.00084502,0.00088286,0.00092175,0.00095797,0.00099251,0.0010291,0.0010636,0.0011093,0.0011416,0.0011835,0.0012355,0.0012683,0.0013278,0.001395,0.001448,0.0015484,0.0016751,0.0018651,0.0021362,0.0023107,0.0025663,0.0028992,0.0033308,0.0039314,0.0046556,0.0057046,0.0069276,0.0084504,0.010265,0.011296,0.01234,0.013435,0.014507,0.015592,0.016552,0.017363,0.017933,0.017277,0.018125,0.017188,0.018544,0.020074,0.02028,0.019968,0.018023,0.019311,0.017241,0.01671,0.015904,0.015186,0.014031,0.013223,0.012461,0.011466,0.011304,0.0086603,0.0067622,0.0054854,0.0046405,0.0038975,0.0034753,0.0034946
z=-3cm,8.39E-05,8.87E-05,9.04E-05,9.58E-05,0.00010164,0.00011586,0.00012743,0.00014411,0.00016069,0.00019271,0.0002396,0.00028785,0.00032647,0.00036859,0.00041218,0.00045508,0.00049028,0.00052982,0.00057147,0.00059815,0.00062509,0.00066158,0.00069435,0.00074135,0.00075222,0.00078992,0.00080931,0.00085973,0.00088873,0.00090039,0.00094209,0.00097989,0.0010243,0.0010425,0.0010842,0.0011409,0.0011959,0.0012703,0.0013725,0.0015262,0.0017568,0.0019073,0.0020959,0.002403,0.0027355,0.0032232,0.0038454,0.0046838,0.0057313,0.0070647,0.0086578,0.0095339,0.010504,0.011458,0.012418,0.013438,0.014395,0.015174,0.0158,0.015283,0.016109,0.015279,0.016534,0.018058,0.018384,0.018297,0.016224,0.01785,0.015884,0.015491,0.014905,0.014201,0.013147,0.012484,0.01182,0.010814,0.010649,0.0082968,0.0064642,0.0052839,0.0044988,0.0037674,0.0033461,0.0033725
z=-6cm,0.00012883,0.00013351,0.00013975,0.0001487,0.00016361,0.00017602,0.00020058,0.00021462,0.00024544,0.00028864,0.00036396,0.00043793,0.00049617,0.00057519,0.00062736,0.00069941,0.00076072,0.00082032,0.00087174,0.00092989,0.00099743,0.0010384,0.001096,0.0011436,0.0011837,0.0012332,0.0012942,0.0013303,0.0013976,0.0014307,0.001481,0.0015352,0.0015827,0.0016424,0.0016938,0.0017737,0.0018692,0.0019805,0.0021173,0.0023372,0.0026376,0.0028867,0.0030931,0.0035408,0.0039954,0.0045337,0.0053383,0.0062734,0.0074252,0.0087134,0.010328,0.011146,0.01206,0.012982,0.013883,0.014705,0.015514,0.016147,0.016582,0.015801,0.016636,0.015643,0.016731,0.018044,0.018259,0.018029,0.015998,0.017252,0.015357,0.014997,0.014245,0.013622,0.012483,0.011837,0.011197,0.01031,0.010324,0.0079032,0.0061231,0.0049903,0.0042115,0.0035526,0.0031775,0.003162
z=-8cm,0.00019058,0.00019714,0.00020549,0.00022072,0.00023446,0.00025347,0.0002804,0.00031881,0.00035564,0.00042413,0.0005198,0.00064483,0.0007173,0.00083679,0.00093275,0.0010368,0.0011185,0.0012114,0.0013063,0.0013821,0.0014668,0.0015393,0.0016145,0.0016976,0.0017392,0.0018199,0.0018897,0.0019531,0.0020329,0.0020927,0.0021585,0.0022518,0.0022963,0.0023803,0.0024569,0.0025443,0.0026414,0.002791,0.0029441,0.0032403,0.0036149,0.0039243,0.004072,0.0046737,0.0051674,0.0057833,0.0066128,0.0075492,0.0086428,0.0098711,0.011337,0.012038,0.01275,0.013509,0.014195,0.014934,0.015523,0.015945,0.016268,0.015369,0.015894,0.014903,0.015796,0.016785,0.016816,0.016547,0.014672,0.015677,0.013881,0.013469,0.012724,0.012143,0.011175,0.01054,0.0099982,0.0091617,0.0093583,0.0069077,0.0054392,0.0044023,0.0037087,0.0031415,0.0028164,0.0028155
z=-9cm,0.00023031,0.00023826,0.00024707,0.00025719,0.00027893,0.00030416,0.00034315,0.00037994,0.00042874,0.00050667,0.00062771,0.00077161,0.00087511,0.001016,0.0011171,0.0012478,0.0013537,0.0014669,0.0015626,0.0016915,0.0017931,0.0018793,0.0019464,0.0020569,0.0021196,0.0021966,0.0022757,0.0023676,0.0024378,0.00252,0.0025685,0.0026648,0.002729,0.0028155,0.0028969,0.0029951,0.0030927,0.0032108,0.0033658,0.0037437,0.0041139,0.0044279,0.0045071,0.0051552,0.005702,0.0062712,0.0071215,0.007984,0.009032,0.010162,0.011487,0.012091,0.012751,0.013405,0.014004,0.014506,0.015003,0.015334,0.015458,0.014707,0.015137,0.01412,0.014794,0.015706,0.015703,0.015318,0.013653,0.014443,0.012778,0.012326,0.011683,0.01115,0.010211,0.0096504,0.009131,0.0084081,0.0085984,0.0063267,0.0049015,0.0039967,0.003411,0.0028733,0.0025481,0.0025917
z=-10cm,0.00027009,0.00027444,0.00028476,0.00030071,0.00032623,0.00035333,0.00040025,0.00044401,0.00050535,0.00059819,0.00075046,0.0009292,0.0010361,0.001192,0.0013426,0.0014998,0.0016346,0.0017608,0.0018733,0.0020275,0.0021647,0.0022439,0.0023506,0.0024417,0.0025195,0.0025962,0.002706,0.0027816,0.0028573,0.0029349,0.0029931,0.0030521,0.0031376,0.0032272,0.0033066,0.0033865,0.0034834,0.0036106,0.0037137,0.0040941,0.0044922,0.0048196,0.0047688,0.0054897,0.006046,0.006551,0.0073783,0.0081504,0.009033,0.0099201,0.011107,0.011636,0.012175,0.012702,0.013144,0.013573,0.013924,0.014123,0.014231,0.013488,0.013708,0.012811,0.013374,0.013995,0.013935,0.013658,0.012146,0.012786,0.011324,0.010866,0.010301,0.0098392,0.0089593,0.0084835,0.0080076,0.0073819,0.0076233,0.0055244,0.004309,0.0034928,0.0029941,0.0025151,0.0022577,0.0022671
z=-11cm,0.00033213,0.00033273,0.00034627,0.00035982,0.00038946,0.00043251,0.00049091,0.00053371,0.00061491,0.00072158,0.00089834,0.0011099,0.0012393,0.0014675,0.0016244,0.0018243,0.0019883,0.0021377,0.0022835,0.0024333,0.0025718,0.0026885,0.0027822,0.0028872,0.003012,0.003076,0.0031747,0.0032407,0.0033055,0.0033566,0.0034588,0.0034707,0.0035362,0.0035937,0.0036674,0.0037347,0.0038048,0.003968,0.0040395,0.0044046,0.004742,0.0051014,0.0049751,0.0056918,0.006224,0.0065977,0.0073931,0.008133,0.0088214,0.0096353,0.010624,0.010966,0.011337,0.011814,0.012157,0.012479,0.012686,0.012852,0.012824,0.012132,0.01235,0.01143,0.011846,0.012412,0.012354,0.012044,0.010671,0.011115,0.0099157,0.0094489,0.0089112,0.0084966,0.0078022,0.0073774,0.0069701,0.0064117,0.0067624,0.0047923,0.0037347,0.0030209,0.0026018,0.0021814,0.0019692,0.0019866
z=-12cm,0.00038985,0.00040711,0.00040967,0.00042157,0.0004654,0.00051512,0.00057079,0.00062858,0.00071308,0.00082814,0.0010579,0.0013191,0.0014995,0.0017234,0.0019371,0.0021458,0.002339,0.0025462,0.0027009,0.0028562,0.0029923,0.0031086,0.0031928,0.0033099,0.0033511,0.003432,0.0034759,0.0035547,0.0036077,0.0036556,0.0036702,0.0037207,0.0037613,0.0037983,0.0038671,0.003856,0.0039229,0.0040135,0.0040768,0.0044344,0.004681,0.0049729,0.0047884,0.0054771,0.0059686,0.0062599,0.006933,0.0074366,0.008045,0.0086335,0.0094641,0.00971,0.010017,0.010324,0.010544,0.010766,0.010945,0.010982,0.010913,0.010335,0.010395,0.0096066,0.010003,0.010323,0.010263,0.010005,0.0088872,0.0092317,0.0081818,0.0077601,0.0073228,0.0069742,0.0064207,0.0060485,0.0057171,0.0052701,0.0055891,0.0039728,0.0030512,0.002486,0.0021274,0.0018179,0.0016495,0.0016493
z=-13cm,0.00045106,0.00045868,0.00046508,0.00049603,0.0005277,0.00057855,0.00063759,0.00071601,0.00080477,0.00096487,0.0012031,0.0015106,0.0016882,0.0019849,0.0021873,0.0024472,0.0025974,0.0027658,0.0029645,0.0030891,0.0032027,0.0033335,0.0033756,0.0034252,0.0034732,0.0034962,0.00353,0.0035472,0.0035381,0.003552,0.0035428,0.0035597,0.0035172,0.0035547,0.0035605,0.0035768,0.0036013,0.0036318,0.0036256,0.003925,0.0041106,0.0043335,0.0041684,0.0047314,0.0050941,0.0053016,0.0058095,0.0062115,0.0066045,0.0069876,0.0075956,0.0077239,0.0079819,0.0081389,0.0082832,0.0084971,0.0085518,0.0085574,0.0084716,0.007948,0.0080274,0.0074407,0.007618,0.0078771,0.0077799,0.0075747,0.0067233,0.0069537,0.0062068,0.0058617,0.0054996,0.0052142,0.0048052,0.0045191,0.0043179,0.0039342,0.0042331,0.0029634,0.0023227,0.0019203,0.0016353,0.0013918,0.0012361,0.0012854
z=-14cm,0.00047852,0.00047806,0.00047968,0.00050584,0.00053307,0.00058386,0.00065432,0.00072461,0.0008168,0.00096402,0.0012071,0.0015011,0.0016757,0.0019508,0.0021528,0.0023501,0.0024673,0.002624,0.0027493,0.0027979,0.002866,0.002927,0.0029007,0.0029111,0.0029472,0.0029323,0.0029143,0.0028971,0.0028604,0.002836,0.002809,0.0027894,0.0027479,0.0027172,0.0027218,0.0027246,0.0026963,0.0027051,0.0026833,0.0028811,0.0029985,0.0031431,0.0029785,0.0033438,0.0036187,0.0037037,0.004069,0.0043011,0.0045538,0.0047227,0.0051314,0.0051717,0.0053147,0.0054232,0.0055245,0.0055842,0.0056136,0.0055979,0.0055259,0.0051935,0.0052234,0.0048222,0.0049701,0.0051058,0.0050516,0.0048939,0.0043256,0.0045211,0.0039737,0.0037555,0.0035324,0.0034008,0.0030934,0.0029612,0.0027764,0.002565,0.0027727,0.0019258,0.0015146,0.0012747,0.0011077,0.00094,0.00086155,0.00088499
